Insert into musician(id, nickname) values (1, 'Ария');
Insert into musician(id, nickname) values (2, 'Кино');
Insert into musician(id, nickname) values (3, 'Bullet for my valentine');
Insert into musician(id, nickname) values (4, 'LP');
Insert into musician(id, nickname) values (5, 'Rammstein');

Insert into style (id, name_style) values (1, 'Рок');
Insert into style (id, name_style) values (2, 'Метал');
Insert into style (id, name_style) values (3, 'Треш-метал');

Insert into album (id, name_album, year_birthday) value (1, 'Mutter', '2001');
Insert into album (id, name_album, year_birthday) value (2, 'Крещение огнем', '2003');
Insert into album (id, name_album, year_birthday) value (3, 'Meteora', '2003');
Insert into album (id, name_album, year_birthday) value (4, 'Группа крови', '1988');

Insert into track (id, name_record, length, album_id) value (1, 'Mein Herz brennt', '4,42', 1);
Insert into track (id, name_record, length, album_id) value (2, 'Sonne', '3,35', 1);
Insert into track (id, name_record, length, album_id) value (3, 'Группа Крови', '4,47', 4);
Insert into track (id, name_record, length, album_id) value (4, 'Спокойная ночь', '6,61', 4);
Insert into track (id, name_record, length, album_id) value (5, 'My December', '2,23', 3);
Insert into track (id, name_record, length, album_id) value (6, 'Session', '2,45', 3);
Insert into track (id, name_record, length, album_id) value (7, 'Колизей', '4,41', 2);
Insert into track (id, name_record, length, album_id) value (8, 'Там высоко', '5,32', 2);

Insert into collection (id, name_collection, year_birthday) value (1, 'Русский рок', '2019');
Insert into collection (id, name_collection, year_birthday) value (2, 'Иностранная музыка', '2003');
Insert into collection (id, name_collection, year_birthday) value (3, 'Старая школа рока', '2005');
Insert into collection (id, name_collection, year_birthday) value (4, 'Баллады', '2003');

Insert into musician_album(id, musician_id, album_id) value (1, 1, 2);
Insert into musician_album(id, musician_id, album_id) value (2, 2, 4);
Insert into musician_album(id, musician_id, album_id) value (3, 4, 3);
Insert into musician_album(id, musician_id, album_id) value (4, 5, 1);

Insert into style_musician(musician_id, slyle_id) value (1, 1);
Insert into style_musician(musician_id, slyle_id) value (2, 1);
Insert into style_musician(musician_id, slyle_id) value (3, 3);
Insert into style_musician(musician_id, slyle_id) value (4, 1);
Insert into style_musician(musician_id, slyle_id) value (5, 2);

Insert into musician_style(id, collection_id, record_id) value(1, 1, 3);
Insert into musician_style(id, collection_id, record_id) value(2, 1, 4);
Insert into musician_style(id, collection_id, record_id) value(3, 1, 7);
Insert into musician_style(id, collection_id, record_id) value(4, 1, 8);
Insert into musician_style(id, collection_id, record_id) value(5, 2, 1);
Insert into musician_style(id, collection_id, record_id) value(6, 2, 2);
Insert into musician_style(id, collection_id, record_id) value(7, 2, 5);
Insert into musician_style(id, collection_id, record_id) value(8, 2, 6);
Insert into musician_style(id, collection_id, record_id) value(9, 4, 7);
Insert into musician_style(id, collection_id, record_id) value(10, 4, 8);
Insert into musician_style(id, collection_id, record_id) value(11, 3, 3);
Insert into musician_style(id, collection_id, record_id) value(12, 3, 4);
